{"cameraMode":{"drawMode":0,"name":"Shaded","section":"Shading Mode"},"sceneLighting":false,"audioPlay":false,"sceneViewState":{"showFog":true,"showMaterialUpdate":false,"showSkybox":false,"showFlares":true,"showImageEffects":true,"showParticleSystems":true},"in2DMode":false,"pivot":{"x":-3.752964973449707,"y":-2.8176941871643068,"z":10.25183391571045},"rotation":{"x":-0.16190454363822938,"y":0.35300925374031069,"z":-0.062163811177015308,"w":-0.9194058775901794},"size":27.373611450195314,"orthographic":false}