{"cameraMode":{"drawMode":0,"name":"Shaded","section":"Shading Mode"},"sceneLighting":true,"audioPlay":false,"sceneViewState":{"showFog":true,"showMaterialUpdate":true,"showSkybox":true,"showFlares":true,"showImageEffects":true,"showParticleSystems":true},"in2DMode":false,"pivot":{"x":-5.042216777801514,"y":4.857239246368408,"z":-0.2899303436279297},"rotation":{"x":0.11516354233026505,"y":-0.03665149584412575,"z":-0.004251719452440739,"w":-0.9926610589027405},"size":20.566984176635743,"orthographic":false}