{"cameraMode":{"drawMode":0,"name":"Shaded","section":"Shading Mode"},"sceneLighting":false,"audioPlay":false,"sceneViewState":{"showFog":true,"showMaterialUpdate":true,"showSkybox":false,"showFlares":true,"showImageEffects":true,"showParticleSystems":true},"in2DMode":false,"pivot":{"x":-2.7939677238464357e-9,"y":-1.210719347000122e-8,"z":-0.09999998658895493},"rotation":{"x":-0.12609726190567017,"y":0.6239252686500549,"z":-0.10293126106262207,"w":-0.7643440961837769},"size":0.3655247688293457,"orthographic":false}