{"cameraMode":{"drawMode":0,"name":"Shaded","section":"Shading Mode"},"sceneLighting":false,"audioPlay":false,"sceneViewState":{"showFog":true,"showMaterialUpdate":true,"showSkybox":false,"showFlares":true,"showImageEffects":true,"showParticleSystems":true},"in2DMode":false,"pivot":{"x":0.8035174608230591,"y":0.0,"z":0.03789511322975159},"rotation":{"x":0.18490317463874818,"y":-0.4516342878341675,"z":0.09626279771327973,"w":0.8675083518028259},"size":3.0630202293395998,"orthographic":false}