{"cameraMode":{"drawMode":0,"name":"Shaded","section":"Shading Mode"},"sceneLighting":false,"audioPlay":false,"sceneViewState":{"showFog":true,"showMaterialUpdate":true,"showSkybox":false,"showFlares":true,"showImageEffects":true,"showParticleSystems":true},"in2DMode":false,"pivot":{"x":15.408203125,"y":-1.4532527923583985,"z":10.58258056640625},"rotation":{"x":-0.16546757519245149,"y":0.289646178483963,"z":-0.050913307815790179,"w":-0.9413466453552246},"size":91.59880065917969,"orthographic":false}